GUID,ENUM,STRING
21686148-6449-6E6F-744E-656564454649,GPT_TYPE_BIOS_BOOT,BIOS Boot Partition

C12A7328-F81F-11D2-BA4B-00A0C93EC93B,GPT_TYPE_EFI_SYSTEM_PARTITION,EFI System Partition
E3C9E316-0B5C-4DB8-817D-F92DF00215AE,GPT_TYPE_MICROSOFT_RESERVED,Microsoft Reserved Partition
EBD0A0A2-B9E5-4433-87C0-68B6B72699C7,GPT_TYPE_MICROSOFT_BASIC_DATA,Microsoft Basic Data
DE94BBA4-06D1-4D40-A16A-BFD50179D6AC,GPT_TYPE_MICROSOFT_WINRE,Microsoft Windows Recovery (WinRE)
E75CAF8F-F680-4CEE-AFA3-B001E56EFC2D,GPT_TYPE_MICROSOFT_STORAGE_SPACES,Microsoft Storage Spaces

0FC63DAF-8483-4772-8E79-3D69D8477DE4,GPT_TYPE_LINUX_FILESYSTEM,Linux Filesystem Data
0657FD6D-A4AB-43C4-84E5-0933C84B4F4F,GPT_TYPE_LINUX_SWAP,Linux Swap
E6D6D379-F507-44C2-A23C-238F2A3DF928,GPT_TYPE_LINUX_LVM,Linux LVM
A19D880F-05FC-4D3B-A006-743F0F84911E,GPT_TYPE_LINUX_RAID,Linux Raid
4F68BCE3-E8CD-4DB1-96E7-FBCAF984B709,GPT_TYPE_LINUX_ROOT_X86_64,Linux Root (x86_64)
8484680C-9521-48C6-9C11-B0720656F69E,GPT_TYPE_LINUX_USR_X86_64,Linux /usr (x86_64)
933AC7E1-2EB4-4F13-B844-0E14E2AEF915,GPT_TYPE_LINUX_HOME,Linux /home
3B8F8425-20E0-4F3B-907F-1A25A76F98E8,GPT_TYPE_LINUX_SRV,Linux /srv
4D21B016-B534-45C2-A9FB-5C16E091FD2D,GPT_TYPE_LINUX_VAR,Linux /var
BC13C2FF-59E6-4262-A352-B275FD6F7172,GPT_TYPE_LINUX_BOOT,Linux /boot
8DA63339-0007-60C0-C436-083AC8230908,GPT_TYPE_LINUX_RESERVED,Linux Reserved
CA7D7CCB-63ED-4C53-861C-1742536059CC,GPT_TYPE_LINUX_ENCRYPTED,Linux LUKS (Encrypted)
7FFEC5C9-2D00-49B7-8941-3EA10A5586B7,GPT_TYPE_LINUX_DM_CRYPT,Linux dm-crypt

83BD6B9D-7F41-11DC-BE0B-001560B84F0F,GPT_TYPE_FREEBSD_BOOT,FreeBSD Boot
516E7CB4-6ECF-11D6-8FF8-00022D09712B,GPT_TYPE_FREEBSD_DISKLABEL,FreeBSD disklabel
516E7CB5-6ECF-11D6-8FF8-00022D09712B,GPT_TYPE_FREEBSD_SWAP,FreeBSD Swap
516E7CB6-6ECF-11D6-8FF8-00022D09712B,GPT_TYPE_FREEBSD_UFS,FreeBSD UFS
516E7CB8-6ECF-11D6-8FF8-00022D09712B,GPT_TYPE_FREEBSD_VINUM,FreeBSD Vinum Volume Manager
516E7CBA-6ECF-11D6-8FF8-00022D09712B,GPT_TYPE_FREEBSD_ZFS,FreeBSD ZFS
74BA7DD9-A689-11E1-BD04-00E081286ACF,GPT_TYPE_FREEBSD_NANDFS,FreeBSD nandfs

48465300-0000-11AA-AA11-00306543ECAC,GPT_TYPE_APPLE_HFSP,Apple HFS+
7C3457EF-0000-11AA-AA11-00306543ECAC,GPT_TYPE_APPLE_APFS,Apple APFS
55465300-0000-11AA-AA11-00306543ECAC,GPT_TYPE_APPLE_UFS,Apple UFS
52414944-0000-11AA-AA11-00306543ECAC,GPT_TYPE_APPLE_RAID,Apple RAID
52414944-5F4F-11AA-AA11-00306543ECAC,GPT_TYPE_APPLE_RAID_OFFLINE,Apple RAID (offline)
426F6F74-0000-11AA-AA11-00306543ECAC,GPT_TYPE_APPLE_BOOT,Apple Boot
4C616265-6C00-11AA-AA11-00306543ECAC,GPT_TYPE_APPLE_LABEL,Apple Label
5265636F-7665-11AA-AA11-00306543ECAC,GPT_TYPE_APPLE_TV_RECOVERY,Apple TV Recovery
53746F72-6167-11AA-AA11-00306543ECAC,GPT_TYPE_APPLE_CORE,Apple Core Storage
69646961-6700-11AA-AA11-00306543ECAC,GPT_TYPE_APPLE_PREBOOT,Apple APFS Preboot
52637672-7900-11AA-AA11-00306543ECAC,GPT_TYPE_APPLE_RECOVERY,Apple Recovery

6A82CB45-1DD2-11B2-99A6-080020736631,GPT_TYPE_SOLARIS_BOOT,Solaris Boot
6A85CF4D-1DD2-11B2-99A6-080020736631,GPT_TYPE_SOLARIS_ROOT,Solaris Root
6A87C46F-1DD2-11B2-99A6-080020736631,GPT_TYPE_SOLARIS_SWAP,Solaris Swap
6A8B642B-1DD2-11B2-99A6-080020736631,GPT_TYPE_SOLARIS_BACKUP,Solaris Backup
6A898CC3-1DD2-11B2-99A6-080020736631,GPT_TYPE_SOLARIS_USR,Solaris USR
6A8EF2E9-1DD2-11B2-99A6-080020736631,GPT_TYPE_SOLARIS_VAR,Solaris VAR
6A90BA39-1DD2-11B2-99A6-080020736631,GPT_TYPE_SOLARIS_HOME,Solaris HOME
6A9283A5-1DD2-11B2-99A6-080020736631,GPT_TYPE_SOLARIS_ALT,Solaris Alternate Sector

49F48D32-B10E-11DC-B99B-0019D1879648,GPT_TYPE_NETBSD_SWAP,NetBSD Swap
49F48D5A-B10E-11DC-B99B-0019D1879648,GPT_TYPE_NETBSD_FFS,NetBSD FFS
49F48D82-B10E-11DC-B99B-0019D1879648,GPT_TYPE_NETBSD_LFS,NetBSD LFS
49F48DAA-B10E-11DC-B99B-0019D1879648,GPT_TYPE_NETBSD_RAID,NetBSD RAID
2DB519C4-B10F-11DC-B99B-0019D1879648,GPT_TYPE_NETBSD_CONCAT,NetBSD Concatenated
2DB519EC-B10F-11DC-B99B-0019D1879648,GPT_TYPE_NETBSD_ENCRYPTED,NetBSD Encrypted

FE3A2A5D-4F32-41A7-B725-ACCC3285A309,GPT_TYPE_CHROMEOS_KERNEL,ChromeOS kernel
3CB8E202-3B7E-47DD-8A3C-7FF2A13CFCEC,GPT_TYPE_CHROMEOS_ROOTFS,ChromeOS rootfs
CAB6E88E-ABF3-4102-A07A-D4BB9BE3C1D3,GPT_TYPE_CHROMEOS_FIRMWARE,ChromeOS firmware
09845860-705F-4BB5-B16C-8A8A099CAF52,GPT_TYPE_CHROMEOS_MINIOS,ChromeOS miniOS
3F0F8318-F146-4E6B-8222-C28C8F02E0D5,GPT_TYPE_CHROMEOS_HIBERNATE,ChromeOS hibernate

824CC7A0-36A8-11E3-890A-952519AD3F61,GPT_TYPE_OPENBSD_DATA, OpenBSD Data
CEF5A9AD-73BC-4601-89F3-CDEEEEE321A1,GPT_TYPE_OPENBSD_SOFTRAID,OpenBSD softraid

9D275380-40AD-11DB-BF97-000C2911D1B8,GPT_TYPE_VMKCORE,VMWare vmkcore
AA31E02A-400F-11DB-9590-000C2911D1B8,GPT_TYPE_VMFS,VMWare VMFS

42465331-3BA3-10F1-802A-4861696B7521,GPT_TYPE_HAIKU_BFS,Haiku BFS
C91818F9-8025-47AF-89D2-F030D7000C2C,GPT_TYPE_PLAN_9,Plan 9
90B6FF38-B98F-4358-A21F-48F35B4A8AD3,GPT_TYPE_ARCA,ArcaOS Type 1
3DE21764-95BD-54BD-A5C3-4ABE786F38A8,GPT_TYPE_UBOOT,UBOOT